[
  {
    "model": "customer.customertype",
    "pk": 1,
    "fields": {
      "created_at": "2020-08-31T22:59:28.675Z",
      "modified_at": "2020-08-31T22:59:28.676Z",
      "created_by": 1,
      "modified_by": 1,
      "customer_name_ar": "\u0639\u0645\u064a\u0644 \u0645\u062d\u0644\u064a",
      "customer_name_en": "\u0639\u0645\u064a\u0644 \u0645\u062d\u0644\u064a"
    }
  },
  {
    "model": "customer.customergroups",
    "pk": 1,
    "fields": {
      "created_at": "2020-08-31T23:01:32.550Z",
      "modified_at": "2020-08-31T23:01:32.550Z",
      "created_by": 1,
      "modified_by": 1,
      "group_number": 1,
      "cust_group_name_ar": "\u0645\u062c\u0645\u0648\u0639\u0647 \u0627\u0644\u0639\u0645\u0644\u0627\u0621 \u0627\u0644\u0645\u062d\u0644\u064a\u064a\u0646",
      "cust_group_name_en": "\u0645\u062c\u0645\u0648\u0639\u0647 \u0627\u0644\u0639\u0645\u0644\u0627\u0621 \u0627\u0644\u0645\u062d\u0644\u064a\u064a\u0646"
    }
  },
  {
    "model": "customer.customerdegree",
    "pk": 1,
    "fields": {
      "created_at": "2020-08-31T23:00:44.957Z",
      "modified_at": "2020-08-31T23:00:44.957Z",
      "created_by": 1,
      "modified_by": 1,
      "cust_degre_Name_ar": "\u0639\u0645\u064a\u0644 \u0645\u062d\u0644\u064a",
      "cust_degre_name_en": "\u0639\u0645\u064a\u0644 \u0645\u062d\u0644\u064a",
      "value_degree": 14
    }
  },
  {
    "model": "customer.customerdata",
    "pk": 1,
    "fields": {
      "created_at": "2020-08-31T23:05:43.816Z",
      "modified_at": "2020-08-31T23:05:44.107Z",
      "created_by": 1,
      "modified_by": 1,
      "number": "00100001",
      "name_ar": "mmmmmm",
      "name_en": "ammar",
      "address": "mmmmmm",
      "mobilePhoneNo": 775328159,
      "phoneNo": null,
      "Email": null,
      "registered_date": "2020-08-31",
      "lastSale_date": null,
      "high_debt_limit": null,
      "country": "\u0627\u0644\u064a\u0645\u0646",
      "city": "\u0635\u0646\u0639\u0627\u0621",
      "commercial_record": 0,
      "customer_type_fk": 1,
      "customerGroupsFK": 1,
      "customer_degree": 1,
      "account": 44
    }
  }
]