[
  {
    "model": "permission.usersgroup",
    "pk": 1,
    "fields": {
      "name_ar": "1",
      "name_en": "1",
      "company": 1
    }
  },
  {
    "model": "permission.usersdetiles",
    "pk": 1,
    "fields": {
      "last_login": "2020-09-02T23:09:26.908Z",
      "user_name": "admin",
      "password": "pbkdf2_sha256$180000$3Xx7gIYm7yB7$U/bUGfSJ+mGX6Xfiogw6o3HnJHdZte0jLMl7c+KZ6Dc=",
      "active": true,
      "usrsgroup": null,
      "is_staff": true,
      "is_superuser": true,
      "groups": [],
      "user_permissions": [],
      "user_branch": [],
      "user_permission_group": [],
      "type_device": []
    }
  },
  {
    "model": "general_configuration.currency",
    "pk": 1,
    "fields": {
      "created_at": "2020-08-11T18:01:20.506Z",
      "modified_at": "2020-08-29T18:27:03.511Z",
      "created_by": 1,
      "modified_by": 1,
      "name_ar": "\u0631\u064a\u0627\u0644",
      "name_en": "Real",
      "currency_code": "1",
      "currency_type": "local",
      "digits_fractions_numbar": 1,
      "stock_currency": true,
      "exchange_rate": 1.0,
      "highest_conversion_rate": null,
      "lowest_conversion_rates": 1.0
    }
  },
  {
    "model": "general_configuration.currency",
    "pk": 2,
    "fields": {
      "created_at": "2020-08-11T18:01:58.916Z",
      "modified_at": "2020-08-26T23:58:50.428Z",
      "created_by": 1,
      "modified_by": 1,
      "name_ar": "\u062f\u0648\u0644\u0627\u0631",
      "name_en": "Dolar",
      "currency_code": "$",
      "currency_type": "foreign",
      "digits_fractions_numbar": 1,
      "stock_currency": false,
      "exchange_rate": 600.0,
      "highest_conversion_rate": 800.0,
      "lowest_conversion_rates": 500.0
    }
  },
  {
    "model": "general_configuration.currency",
    "pk": 3,
    "fields": {
      "created_at": "2020-08-13T01:09:42.255Z",
      "modified_at": "2020-08-26T23:59:19.226Z",
      "created_by": 1,
      "modified_by": 1,
      "name_ar": "\u0631\u064a\u0627\u0644 \u0639\u0645\u0627\u0646",
      "name_en": "Real",
      "currency_code": "R.A",
      "currency_type": "foreign",
      "digits_fractions_numbar": 2,
      "stock_currency": false,
      "exchange_rate": 450.0,
      "highest_conversion_rate": 460.0,
      "lowest_conversion_rates": 440.0
    }
  },
  {
    "model": "general_configuration.currency",
    "pk": 5,
    "fields": {
      "created_at": "2020-08-25T02:56:11.296Z",
      "modified_at": "2020-08-27T00:11:48.599Z",
      "created_by": 1,
      "modified_by": 1,
      "name_ar": "\u0627\u0644\u062d\u062f\u064a\u062f\u0647",
      "name_en": "hudedh",
      "currency_code": "h",
      "currency_type": "foreign",
      "digits_fractions_numbar": 2,
      "stock_currency": false,
      "exchange_rate": 22.0,
      "highest_conversion_rate": 400.0,
      "lowest_conversion_rates": 20.0
    }
  },
  {
    "model": "general_configuration.currency",
    "pk": 7,
    "fields": {
      "created_at": "2020-08-26T16:50:34.121Z",
      "modified_at": "2020-08-27T00:11:31.325Z",
      "created_by": 1,
      "modified_by": 1,
      "name_ar": "\u0627\u0644\u0639\u0631\u0627\u0642",
      "name_en": "iraq",
      "currency_code": "i",
      "currency_type": "foreign",
      "digits_fractions_numbar": 3,
      "stock_currency": false,
      "exchange_rate": 33.0,
      "highest_conversion_rate": 55.0,
      "lowest_conversion_rates": 5.0
    }
  },
  {
    "model": "general_configuration.currency",
    "pk": 8,
    "fields": {
      "created_at": "2020-08-26T18:24:10.921Z",
      "modified_at": "2020-08-27T00:00:02.236Z",
      "created_by": 1,
      "modified_by": 1,
      "name_ar": "\u0631\u0648\u0628\u064a\u0647",
      "name_en": "rubia",
      "currency_code": "%",
      "currency_type": "foreign",
      "digits_fractions_numbar": 7,
      "stock_currency": false,
      "exchange_rate": 400.0,
      "highest_conversion_rate": 4000.0,
      "lowest_conversion_rates": 40.0
    }
  },
  {
    "model": "general_configuration.costcentertype",
    "pk": 1,
    "fields": {
      "created_at": "2020-08-13T17:32:45.530Z",
      "modified_at": "2020-08-15T16:43:18.756Z",
      "created_by": 1,
      "modified_by": 1,
      "name_ar": "\u0646\u0648\u0639 \u0645\u0631\u0643\u0632 \u062a\u0643\u0644\u0641\u0629 \u062e\u062f\u0645\u0629 \u0627\u0644\u0635\u064a\u0627\u0646\u0629",
      "name_en": "Type of maintenance service cost center",
      "effected_by_operation": false
    }
  },
  {
    "model": "general_configuration.costcentertype",
    "pk": 2,
    "fields": {
      "created_at": "2020-08-15T18:13:10.324Z",
      "modified_at": "2020-08-15T18:13:10.325Z",
      "created_by": 1,
      "modified_by": 1,
      "name_ar": "\u0627\u0644\u0645\u0631\u0643\u0632 \u0627\u0644\u0631\u0626\u064a\u0633\u064a",
      "name_en": null,
      "effected_by_operation": false
    }
  },
  {
    "model": "general_configuration.costcentertype",
    "pk": 3,
    "fields": {
      "created_at": "2020-08-17T23:48:02.257Z",
      "modified_at": "2020-08-18T01:10:37.416Z",
      "created_by": 1,
      "modified_by": 1,
      "name_ar": "\u0646\u0648\u0639 \u0645\u0631\u0643\u0632 \u062a\u0643\u0644\u0641\u0629 1 \u0644\u0627 \u062a\u0623\u062b\u0631 \u0639\u0644\u0649 \u0627\u0644\u062d\u0633\u0627\u0628\u0627\u062a",
      "name_en": null,
      "effected_by_operation": false
    }
  },
  {
    "model": "general_configuration.costcentertype",
    "pk": 5,
    "fields": {
      "created_at": "2020-08-27T01:09:29.287Z",
      "modified_at": "2020-08-27T01:09:29.287Z",
      "created_by": 1,
      "modified_by": 1,
      "name_ar": "\u0641\u0631\u0639 \u0641\u062c \u0639\u0637\u0627\u0646",
      "name_en": "Sana'a",
      "effected_by_operation": true
    }
  },
  {
    "model": "general_configuration.costcenter",
    "pk": 8,
    "fields": {
      "created_at": "2020-08-15T18:11:48.202Z",
      "modified_at": "2020-08-15T18:11:48.202Z",
      "created_by": 1,
      "modified_by": 1,
      "name_ar": "\u0645\u0631\u0643\u0632 \u062a\u0643\u0644\u0641\u0629 \u062e\u062f\u0645\u0629 \u0627\u0644\u0635\u064a\u0627\u0646\u0629",
      "name_en": null,
      "parent": null,
      "rank": 1,
      "stopping": false,
      "credit": 1.0,
      "stoping_reason": "\u0634",
      "stopping_date": "2020-07-19",
      "cost_center_type": 1,
      "lft": 1,
      "rght": 6,
      "tree_id": 1,
      "level": 0
    }
  },
  {
    "model": "general_configuration.costcenter",
    "pk": 9,
    "fields": {
      "created_at": "2020-08-15T18:14:06.824Z",
      "modified_at": "2020-08-15T18:14:06.824Z",
      "created_by": 1,
      "modified_by": 1,
      "name_ar": "\u0627\u0644\u0645\u0631\u0643\u0632 \u0627\u0644\u0631\u0626\u064a\u0633\u064a",
      "name_en": null,
      "parent": null,
      "rank": 2,
      "stopping": false,
      "credit": 1.0,
      "stoping_reason": "\u0634",
      "stopping_date": "2020-07-19",
      "cost_center_type": 2,
      "lft": 1,
      "rght": 14,
      "tree_id": 2,
      "level": 0
    }
  },
  {
    "model": "general_configuration.costcenter",
    "pk": 37,
    "fields": {
      "created_at": "2020-08-18T15:14:49.776Z",
      "modified_at": "2020-08-18T15:14:49.776Z",
      "created_by": 1,
      "modified_by": 1,
      "name_ar": "\u0645\u0631\u0643\u0632 \u0627\u0644\u062a\u0637\u0648\u064a\u0631",
      "name_en": null,
      "parent": 8,
      "rank": 11,
      "stopping": false,
      "credit": 1.0,
      "stoping_reason": null,
      "stopping_date": null,
      "cost_center_type": 1,
      "lft": 4,
      "rght": 5,
      "tree_id": 1,
      "level": 1
    }
  },
  {
    "model": "general_configuration.costcenter",
    "pk": 38,
    "fields": {
      "created_at": "2020-08-18T15:16:13.011Z",
      "modified_at": "2020-08-18T15:16:13.011Z",
      "created_by": 1,
      "modified_by": 1,
      "name_ar": "\u0645\u0631\u0643\u0632 \u0627\u0644\u062a\u0637\u0648\u064a\u0631 \u0628",
      "name_en": null,
      "parent": 8,
      "rank": 12,
      "stopping": false,
      "credit": 1.0,
      "stoping_reason": null,
      "stopping_date": null,
      "cost_center_type": 1,
      "lft": 6,
      "rght": 7,
      "tree_id": 1,
      "level": 1
    }
  },
  {
    "model": "general_configuration.costcenter",
    "pk": 39,
    "fields": {
      "created_at": "2020-08-18T15:24:39.367Z",
      "modified_at": "2020-08-18T15:24:39.367Z",
      "created_by": 1,
      "modified_by": 1,
      "name_ar": "\u0627\u0644\u062a\u0637\u0648\u064a\u0631 \u0627\u0644\u0631\u0626\u064a\u0633\u064a",
      "name_en": null,
      "parent": 9,
      "rank": 21,
      "stopping": false,
      "credit": 1.0,
      "stoping_reason": null,
      "stopping_date": null,
      "cost_center_type": 1,
      "lft": 2,
      "rght": 5,
      "tree_id": 2,
      "level": 1
    }
  },
  {
    "model": "general_configuration.costcenter",
    "pk": 48,
    "fields": {
      "created_at": "2020-08-18T16:35:49.393Z",
      "modified_at": "2020-08-18T16:35:49.393Z",
      "created_by": 1,
      "modified_by": 1,
      "name_ar": "\u0627\u0644\u062a\u0637\u0648\u064a\u0631 \u0628",
      "name_en": null,
      "parent": 39,
      "rank": 212,
      "stopping": false,
      "credit": 1.0,
      "stoping_reason": null,
      "stopping_date": "2020-07-19",
      "cost_center_type": 2,
      "lft": 3,
      "rght": 4,
      "tree_id": 2,
      "level": 2
    }
  },
  {
    "model": "general_configuration.costcenter",
    "pk": 49,
    "fields": {
      "created_at": "2020-08-18T16:37:19.861Z",
      "modified_at": "2020-08-18T16:37:19.861Z",
      "created_by": 1,
      "modified_by": 1,
      "name_ar": "\u0627\u0644\u062a\u0637\u0648\u064a\u0631 \u0627\u0644\u0631\u0626\u064a\u0633\u064a \u0628",
      "name_en": null,
      "parent": 9,
      "rank": 22,
      "stopping": false,
      "credit": 1.0,
      "stoping_reason": null,
      "stopping_date": null,
      "cost_center_type": 1,
      "lft": 6,
      "rght": 13,
      "tree_id": 2,
      "level": 1
    }
  },
  {
    "model": "general_configuration.costcenter",
    "pk": 50,
    "fields": {
      "created_at": "2020-08-18T16:40:32.876Z",
      "modified_at": "2020-08-18T16:40:32.876Z",
      "created_by": 1,
      "modified_by": 1,
      "name_ar": "\u062a\u0637\u0648\u064a\u0631 \u0631\u0626\u064a\u0633\u064a",
      "name_en": null,
      "parent": 49,
      "rank": 221,
      "stopping": false,
      "credit": 1.0,
      "stoping_reason": null,
      "stopping_date": null,
      "cost_center_type": 1,
      "lft": 7,
      "rght": 12,
      "tree_id": 2,
      "level": 2
    }
  },
  {
    "model": "general_configuration.costcenter",
    "pk": 52,
    "fields": {
      "created_at": "2020-08-18T16:51:38.066Z",
      "modified_at": "2020-08-18T16:51:38.067Z",
      "created_by": 1,
      "modified_by": 1,
      "name_ar": "\u062a\u0637\u0648\u064a\u0631 \u0631\u0626\u064a\u0633\u064a \u0628",
      "name_en": null,
      "parent": 50,
      "rank": 2211,
      "stopping": false,
      "credit": 1.0,
      "stoping_reason": null,
      "stopping_date": null,
      "cost_center_type": 1,
      "lft": 8,
      "rght": 9,
      "tree_id": 2,
      "level": 3
    }
  },
  {
    "model": "general_configuration.costcenter",
    "pk": 53,
    "fields": {
      "created_at": "2020-08-18T16:56:17.362Z",
      "modified_at": "2020-08-18T16:56:17.362Z",
      "created_by": 1,
      "modified_by": 1,
      "name_ar": "\u062a\u0637\u0648\u064a\u0631 \u0631\u0626\u064a\u0633\u064a \u062c",
      "name_en": null,
      "parent": 50,
      "rank": 2212,
      "stopping": false,
      "credit": 1.0,
      "stoping_reason": null,
      "stopping_date": null,
      "cost_center_type": 1,
      "lft": 10,
      "rght": 11,
      "tree_id": 2,
      "level": 3
    }
  },
  {
    "model": "general_configuration.adminstructurestypes",
    "pk": 2,
    "fields": {
      "created_at": "2020-08-18T23:58:40.106Z",
      "modified_at": "2020-08-27T01:25:54.547Z",
      "created_by": 1,
      "modified_by": 1,
      "name_ar": "\u062d\u0633\u0627\u0628\u0627\u062a",
      "name_en": "sg"
    }
  },
  {
    "model": "general_configuration.adminstructurestypes",
    "pk": 5,
    "fields": {
      "created_at": "2020-08-26T19:14:47.128Z",
      "modified_at": "2020-08-27T01:08:32.292Z",
      "created_by": 1,
      "modified_by": null,
      "name_ar": "\u0627\u062f\u0627\u0631\u0647",
      "name_en": "adna"
    }
  },
  {
    "model": "general_configuration.adminstructuresdate",
    "pk": 2,
    "fields": {
      "created_at": "2020-08-19T00:21:38.285Z",
      "modified_at": "2020-08-19T00:21:38.285Z",
      "created_by": 1,
      "modified_by": 1,
      "name_ar": "\u0627\u0645\u064a\u0646 \u0635\u0646\u062f\u0648\u0642",
      "name_en": null,
      "admin_structures": 2,
      "parent": null,
      "mylevel": 2,
      "stop": false,
      "stop_date": null,
      "stop_reason": null,
      "lft": 1,
      "rght": 2,
      "tree_id": 2,
      "level": 0
    }
  },
  {
    "model": "general_configuration.employee",
    "pk": 1,
    "fields": {
      "created_at": "2020-08-18T18:39:58.253Z",
      "modified_at": "2020-08-18T18:39:58.253Z",
      "created_by": 1,
      "modified_by": 1,
      "branch": 1,
      "name_ar": "\u0645\u062d\u0645\u062f \u0639\u0644\u064a \u0627\u062d\u0645\u062f",
      "name_en": "Mohammed ali ahmed",
      "emp_status": 0
    }
  },
  {
    "model": "general_configuration.employee",
    "pk": 2,
    "fields": {
      "created_at": "2020-08-18T18:49:28.166Z",
      "modified_at": "2020-08-18T18:49:28.166Z",
      "created_by": 1,
      "modified_by": 1,
      "branch": 1,
      "name_ar": "\u0645\u062d\u0645\u062f \u062d\u0633\u064a\u0646",
      "name_en": "mohammed hossayn",
      "emp_status": 1
    }
  },
  {
    "model": "general_configuration.employee",
    "pk": 3,
    "fields": {
      "created_at": "2020-08-18T18:50:25.236Z",
      "modified_at": "2020-08-18T18:50:25.236Z",
      "created_by": 1,
      "modified_by": 1,
      "branch": 1,
      "name_ar": "\u0631\u0636\u0648\u0627\u0646 \u062d\u0633\u0646",
      "name_en": "radwan hassan",
      "emp_status": 1
    }
  },
  {
    "model": "general_configuration.employee",
    "pk": 4,
    "fields": {
      "created_at": "2020-08-18T18:52:38.913Z",
      "modified_at": "2020-08-18T18:52:38.913Z",
      "created_by": 1,
      "modified_by": 1,
      "branch": 1,
      "name_ar": "\u0645\u0642\u062f\u0627\u062f",
      "name_en": "migded",
      "emp_status": 1
    }
  },
  {
    "model": "general_configuration.employee",
    "pk": 5,
    "fields": {
      "created_at": "2020-08-18T18:53:06.357Z",
      "modified_at": "2020-08-18T18:53:06.357Z",
      "created_by": 1,
      "modified_by": 1,
      "branch": 1,
      "name_ar": "\u0645\u062c\u0645\u0648\u0639\u0629 \u0646\u0634\u0648\u0627\u0646",
      "name_en": "group nashwan",
      "emp_status": 1
    }
  },
  {
    "model": "general_configuration.employee",
    "pk": 6,
    "fields": {
      "created_at": "2020-08-18T18:53:41.001Z",
      "modified_at": "2020-08-18T18:53:41.001Z",
      "created_by": 1,
      "modified_by": 1,
      "branch": 1,
      "name_ar": "\u0645\u062d\u0645\u062f \u0627\u062d\u0645\u062f",
      "name_en": "mohammed ahmed",
      "emp_status": 0
    }
  },
  {
    "model": "general_configuration.employee",
    "pk": 7,
    "fields": {
      "created_at": "2020-08-18T18:54:15.359Z",
      "modified_at": "2020-08-18T18:54:15.359Z",
      "created_by": 1,
      "modified_by": 1,
      "branch": 1,
      "name_ar": "\u0631\u0636\u0648\u0627\u0646",
      "name_en": "radwan",
      "emp_status": 0
    }
  },
  {
    "model": "general_configuration.employee",
    "pk": 8,
    "fields": {
      "created_at": "2020-08-18T18:55:18.942Z",
      "modified_at": "2020-08-18T18:55:18.942Z",
      "created_by": 1,
      "modified_by": 1,
      "branch": 1,
      "name_ar": "\u0648\u0627\u0626\u0644 \u0627\u0644\u0642\u0628\u0627\u0637\u064a",
      "name_en": "one",
      "emp_status": 0
    }
  },
  {
    "model": "general_configuration.employee",
    "pk": 9,
    "fields": {
      "created_at": "2020-08-18T18:55:54.048Z",
      "modified_at": "2020-08-19T01:09:46.272Z",
      "created_by": 1,
      "modified_by": 1,
      "branch": 4,
      "name_ar": "\u0641\u0627\u0631\u0633",
      "name_en": "Milk",
      "emp_status": 0
    }
  },
  {
    "model": "general_configuration.employee",
    "pk": 10,
    "fields": {
      "created_at": "2020-08-18T18:56:34.017Z",
      "modified_at": "2020-08-27T01:51:37.597Z",
      "created_by": 1,
      "modified_by": 1,
      "branch": 2,
      "name_ar": "\u0632\u064a\u062f",
      "name_en": "zaid",
      "emp_status": 0
    }
  },
  {
    "model": "general_configuration.employee",
    "pk": 11,
    "fields": {
      "created_at": "2020-08-18T18:57:13.562Z",
      "modified_at": "2020-08-18T18:57:13.562Z",
      "created_by": 1,
      "modified_by": 1,
      "branch": 1,
      "name_ar": "\u0645\u062c\u0645\u0648\u0639\u0629 \u0646\u0634\u0648\u0627",
      "name_en": "group nashwa",
      "emp_status": 0
    }
  },
  {
    "model": "general_configuration.employee",
    "pk": 12,
    "fields": {
      "created_at": "2020-08-18T18:58:04.731Z",
      "modified_at": "2020-08-18T18:58:04.731Z",
      "created_by": 1,
      "modified_by": 1,
      "branch": 1,
      "name_ar": "\u0645\u0627\u062c\u062f",
      "name_en": "majad",
      "emp_status": 0
    }
  },
  {
    "model": "general_configuration.employee",
    "pk": 13,
    "fields": {
      "created_at": "2020-08-18T18:58:50.041Z",
      "modified_at": "2020-08-18T18:58:50.041Z",
      "created_by": 1,
      "modified_by": 1,
      "branch": 1,
      "name_ar": "\u0627\u062d\u0645\u062f \u0645\u062d\u0645\u062f",
      "name_en": "ahmed mohammed",
      "emp_status": 0
    }
  },
  {
    "model": "general_configuration.employee",
    "pk": 14,
    "fields": {
      "created_at": "2020-08-18T19:00:49.756Z",
      "modified_at": "2020-08-18T19:00:49.756Z",
      "created_by": 1,
      "modified_by": 1,
      "branch": 1,
      "name_ar": "\u062e\u0627\u0644\u062f",
      "name_en": "kaled",
      "emp_status": 0
    }
  },
  {
    "model": "general_configuration.employee",
    "pk": 15,
    "fields": {
      "created_at": "2020-08-18T19:01:33.313Z",
      "modified_at": "2020-08-18T19:01:33.313Z",
      "created_by": 1,
      "modified_by": 1,
      "branch": 1,
      "name_ar": "\u0645\u0631\u062a\u0636\u0649",
      "name_en": "mortade",
      "emp_status": 0
    }
  },
  {
    "model": "general_configuration.employee",
    "pk": 16,
    "fields": {
      "created_at": "2020-08-18T19:02:42.665Z",
      "modified_at": "2020-08-18T19:02:42.665Z",
      "created_by": 1,
      "modified_by": 1,
      "branch": 1,
      "name_ar": "\u0639\u0644\u064a \u0645\u062d\u0645\u062f",
      "name_en": "ali mohammed",
      "emp_status": 0
    }
  },
  {
    "model": "general_configuration.employee",
    "pk": 17,
    "fields": {
      "created_at": "2020-08-18T19:03:05.376Z",
      "modified_at": "2020-08-18T19:03:05.376Z",
      "created_by": 1,
      "modified_by": 1,
      "branch": 1,
      "name_ar": "\u0639\u0644\u064a",
      "name_en": "ali",
      "emp_status": 0
    }
  },
  {
    "model": "general_configuration.employee",
    "pk": 18,
    "fields": {
      "created_at": "2020-08-18T19:03:48.753Z",
      "modified_at": "2020-08-18T19:03:48.753Z",
      "created_by": 1,
      "modified_by": 1,
      "branch": 1,
      "name_ar": "\u062e\u0644\u064a\u0641\u0629",
      "name_en": "kalyfeh",
      "emp_status": 0
    }
  },
  {
    "model": "general_configuration.employee",
    "pk": 19,
    "fields": {
      "created_at": "2020-08-18T19:04:22.368Z",
      "modified_at": "2020-08-18T19:04:22.368Z",
      "created_by": 1,
      "modified_by": 1,
      "branch": 1,
      "name_ar": "\u0633\u0639\u064a\u062f",
      "name_en": "saed",
      "emp_status": 0
    }
  },
  {
    "model": "general_configuration.employee",
    "pk": 20,
    "fields": {
      "created_at": "2020-08-18T19:05:19.339Z",
      "modified_at": "2020-08-18T19:05:19.339Z",
      "created_by": 1,
      "modified_by": 1,
      "branch": 1,
      "name_ar": "\u0646\u0634\u0648\u0627\u0646",
      "name_en": "nashwan",
      "emp_status": 0
    }
  },
  {
    "model": "general_configuration.employee",
    "pk": 26,
    "fields": {
      "created_at": "2020-08-19T01:11:07.612Z",
      "modified_at": "2020-08-19T01:12:44.079Z",
      "created_by": 1,
      "modified_by": 1,
      "branch": 1,
      "name_ar": "\u0627\u0644\u0645\u0648\u0638\u0641 \u0645\u062d\u0645\u062f \u0627\u0644\u0634\u0645\u064a\u0631\u064a",
      "name_en": "Mohammed",
      "emp_status": 0
    }
  },
  {
    "model": "general_configuration.employee",
    "pk": 27,
    "fields": {
      "created_at": "2020-08-19T01:12:56.438Z",
      "modified_at": "2020-08-19T01:19:56.721Z",
      "created_by": 1,
      "modified_by": 1,
      "branch": 1,
      "name_ar": "\u0627\u0644\u0645\u0648\u0638\u0641 \u0645\u062d\u0645\u062f \u0642\u0627\u0626\u062f",
      "name_en": "",
      "emp_status": 1
    }
  },
  {
    "model": "general_configuration.employee",
    "pk": 28,
    "fields": {
      "created_at": "2020-08-27T01:16:31.761Z",
      "modified_at": "2020-08-27T01:16:31.761Z",
      "created_by": 1,
      "modified_by": 1,
      "branch": 1,
      "name_ar": "\u0641\u0631\u0639 \u0641\u062c \u0639\u0637\u0627\u0646",
      "name_en": "adan",
      "emp_status": 1
    }
  },
  {
    "model": "general_configuration.employee",
    "pk": 29,
    "fields": {
      "created_at": "2020-08-27T01:31:07.665Z",
      "modified_at": "2020-08-27T01:31:07.665Z",
      "created_by": 1,
      "modified_by": 1,
      "branch": 2,
      "name_ar": "\u062d\u062c",
      "name_en": "hajjah",
      "emp_status": 1
    }
  },
  {
    "model": "general_configuration.employeepersonaldata",
    "pk": 1,
    "fields": {
      "created_at": "2020-08-18T18:39:58.276Z",
      "modified_at": "2020-08-18T18:39:58.276Z",
      "created_by": 1,
      "modified_by": 1,
      "social_status": null,
      "nationality": null,
      "religin": null,
      "gender": null,
      "language": null,
      "bloodtype": null,
      "personalityType": null,
      "personalityNumber": 1,
      "issueDate": null,
      "expireDate": null,
      "issuePlace": null,
      "birthDate": null,
      "birthPlace": null,
      "arNamefornearPersonal": null,
      "enNameFornearPersonal": null,
      "telephoneforNearPesonal": null,
      "phoneForNearPersonal": null,
      "emailForNearPersonal": null,
      "note": null,
      "employee": 1
    }
  },
  {
    "model": "general_configuration.employeepersonaldata",
    "pk": 2,
    "fields": {
      "created_at": "2020-08-18T18:49:28.199Z",
      "modified_at": "2020-08-18T18:49:28.199Z",
      "created_by": 1,
      "modified_by": 1,
      "social_status": null,
      "nationality": null,
      "religin": null,
      "gender": null,
      "language": null,
      "bloodtype": null,
      "personalityType": null,
      "personalityNumber": 1,
      "issueDate": null,
      "expireDate": null,
      "issuePlace": null,
      "birthDate": null,
      "birthPlace": null,
      "arNamefornearPersonal": null,
      "enNameFornearPersonal": null,
      "telephoneforNearPesonal": null,
      "phoneForNearPersonal": null,
      "emailForNearPersonal": null,
      "note": null,
      "employee": 2
    }
  },
  {
    "model": "general_configuration.employeepersonaldata",
    "pk": 3,
    "fields": {
      "created_at": "2020-08-18T18:50:25.239Z",
      "modified_at": "2020-08-18T18:50:25.239Z",
      "created_by": 1,
      "modified_by": 1,
      "social_status": null,
      "nationality": null,
      "religin": null,
      "gender": null,
      "language": null,
      "bloodtype": null,
      "personalityType": null,
      "personalityNumber": 1,
      "issueDate": null,
      "expireDate": null,
      "issuePlace": null,
      "birthDate": null,
      "birthPlace": null,
      "arNamefornearPersonal": null,
      "enNameFornearPersonal": null,
      "telephoneforNearPesonal": null,
      "phoneForNearPersonal": null,
      "emailForNearPersonal": null,
      "note": null,
      "employee": 3
    }
  },
  {
    "model": "general_configuration.employeepersonaldata",
    "pk": 4,
    "fields": {
      "created_at": "2020-08-18T18:52:38.916Z",
      "modified_at": "2020-08-18T18:52:38.916Z",
      "created_by": 1,
      "modified_by": 1,
      "social_status": null,
      "nationality": null,
      "religin": null,
      "gender": null,
      "language": null,
      "bloodtype": null,
      "personalityType": null,
      "personalityNumber": 1,
      "issueDate": null,
      "expireDate": null,
      "issuePlace": null,
      "birthDate": null,
      "birthPlace": null,
      "arNamefornearPersonal": null,
      "enNameFornearPersonal": null,
      "telephoneforNearPesonal": null,
      "phoneForNearPersonal": null,
      "emailForNearPersonal": null,
      "note": null,
      "employee": 4
    }
  },
  {
    "model": "general_configuration.employeepersonaldata",
    "pk": 5,
    "fields": {
      "created_at": "2020-08-18T18:53:06.367Z",
      "modified_at": "2020-08-18T18:53:06.367Z",
      "created_by": 1,
      "modified_by": 1,
      "social_status": null,
      "nationality": null,
      "religin": null,
      "gender": null,
      "language": null,
      "bloodtype": null,
      "personalityType": null,
      "personalityNumber": 1,
      "issueDate": null,
      "expireDate": null,
      "issuePlace": null,
      "birthDate": null,
      "birthPlace": null,
      "arNamefornearPersonal": null,
      "enNameFornearPersonal": null,
      "telephoneforNearPesonal": null,
      "phoneForNearPersonal": null,
      "emailForNearPersonal": null,
      "note": null,
      "employee": 5
    }
  },
  {
    "model": "general_configuration.employeepersonaldata",
    "pk": 6,
    "fields": {
      "created_at": "2020-08-18T18:53:41.010Z",
      "modified_at": "2020-08-18T18:53:41.010Z",
      "created_by": 1,
      "modified_by": 1,
      "social_status": null,
      "nationality": null,
      "religin": null,
      "gender": null,
      "language": null,
      "bloodtype": null,
      "personalityType": null,
      "personalityNumber": 1,
      "issueDate": null,
      "expireDate": null,
      "issuePlace": null,
      "birthDate": null,
      "birthPlace": null,
      "arNamefornearPersonal": null,
      "enNameFornearPersonal": null,
      "telephoneforNearPesonal": null,
      "phoneForNearPersonal": null,
      "emailForNearPersonal": null,
      "note": null,
      "employee": 6
    }
  },
  {
    "model": "general_configuration.employeepersonaldata",
    "pk": 7,
    "fields": {
      "created_at": "2020-08-18T18:54:15.363Z",
      "modified_at": "2020-08-18T18:54:15.363Z",
      "created_by": 1,
      "modified_by": 1,
      "social_status": null,
      "nationality": null,
      "religin": null,
      "gender": null,
      "language": null,
      "bloodtype": null,
      "personalityType": null,
      "personalityNumber": 1,
      "issueDate": null,
      "expireDate": null,
      "issuePlace": null,
      "birthDate": null,
      "birthPlace": null,
      "arNamefornearPersonal": null,
      "enNameFornearPersonal": null,
      "telephoneforNearPesonal": null,
      "phoneForNearPersonal": null,
      "emailForNearPersonal": null,
      "note": null,
      "employee": 7
    }
  },
  {
    "model": "general_configuration.employeepersonaldata",
    "pk": 8,
    "fields": {
      "created_at": "2020-08-18T18:55:18.946Z",
      "modified_at": "2020-08-18T18:55:18.946Z",
      "created_by": 1,
      "modified_by": 1,
      "social_status": null,
      "nationality": null,
      "religin": null,
      "gender": null,
      "language": null,
      "bloodtype": null,
      "personalityType": null,
      "personalityNumber": 1,
      "issueDate": null,
      "expireDate": null,
      "issuePlace": null,
      "birthDate": null,
      "birthPlace": null,
      "arNamefornearPersonal": null,
      "enNameFornearPersonal": null,
      "telephoneforNearPesonal": null,
      "phoneForNearPersonal": null,
      "emailForNearPersonal": null,
      "note": null,
      "employee": 8
    }
  },
  {
    "model": "general_configuration.employeepersonaldata",
    "pk": 9,
    "fields": {
      "created_at": "2020-08-18T18:55:54.055Z",
      "modified_at": "2020-08-19T01:09:46.292Z",
      "created_by": 1,
      "modified_by": 1,
      "social_status": "Married",
      "nationality": "AF",
      "religin": "Muslims",
      "gender": "Male",
      "language": "Arabic",
      "bloodtype": "A+",
      "personalityType": null,
      "personalityNumber": 1,
      "issueDate": null,
      "expireDate": null,
      "issuePlace": null,
      "birthDate": null,
      "birthPlace": null,
      "arNamefornearPersonal": null,
      "enNameFornearPersonal": null,
      "telephoneforNearPesonal": null,
      "phoneForNearPersonal": null,
      "emailForNearPersonal": null,
      "note": null,
      "employee": 9
    }
  },
  {
    "model": "general_configuration.employeepersonaldata",
    "pk": 10,
    "fields": {
      "created_at": "2020-08-18T18:56:34.027Z",
      "modified_at": "2020-08-27T01:44:49.030Z",
      "created_by": 1,
      "modified_by": 1,
      "social_status": "Married",
      "nationality": "YE",
      "religin": "Muslims",
      "gender": "Male",
      "language": "English",
      "bloodtype": "A+",
      "personalityType": null,
      "personalityNumber": 1,
      "issueDate": null,
      "expireDate": null,
      "issuePlace": null,
      "birthDate": null,
      "birthPlace": null,
      "arNamefornearPersonal": null,
      "enNameFornearPersonal": null,
      "telephoneforNearPesonal": null,
      "phoneForNearPersonal": null,
      "emailForNearPersonal": null,
      "note": null,
      "employee": 10
    }
  },
  {
    "model": "general_configuration.employeepersonaldata",
    "pk": 11,
    "fields": {
      "created_at": "2020-08-18T18:57:13.579Z",
      "modified_at": "2020-08-18T18:57:13.579Z",
      "created_by": 1,
      "modified_by": 1,
      "social_status": null,
      "nationality": null,
      "religin": null,
      "gender": null,
      "language": null,
      "bloodtype": null,
      "personalityType": null,
      "personalityNumber": 1,
      "issueDate": null,
      "expireDate": null,
      "issuePlace": null,
      "birthDate": null,
      "birthPlace": null,
      "arNamefornearPersonal": null,
      "enNameFornearPersonal": null,
      "telephoneforNearPesonal": null,
      "phoneForNearPersonal": null,
      "emailForNearPersonal": null,
      "note": null,
      "employee": 11
    }
  },
  {
    "model": "general_configuration.employeepersonaldata",
    "pk": 12,
    "fields": {
      "created_at": "2020-08-18T18:58:04.737Z",
      "modified_at": "2020-08-18T18:58:04.737Z",
      "created_by": 1,
      "modified_by": 1,
      "social_status": null,
      "nationality": null,
      "religin": null,
      "gender": null,
      "language": null,
      "bloodtype": null,
      "personalityType": null,
      "personalityNumber": 1,
      "issueDate": null,
      "expireDate": null,
      "issuePlace": null,
      "birthDate": null,
      "birthPlace": null,
      "arNamefornearPersonal": null,
      "enNameFornearPersonal": null,
      "telephoneforNearPesonal": null,
      "phoneForNearPersonal": null,
      "emailForNearPersonal": null,
      "note": null,
      "employee": 12
    }
  },
  {
    "model": "general_configuration.employeepersonaldata",
    "pk": 13,
    "fields": {
      "created_at": "2020-08-18T18:58:50.051Z",
      "modified_at": "2020-08-18T18:58:50.051Z",
      "created_by": 1,
      "modified_by": 1,
      "social_status": null,
      "nationality": null,
      "religin": null,
      "gender": null,
      "language": null,
      "bloodtype": null,
      "personalityType": null,
      "personalityNumber": 1,
      "issueDate": null,
      "expireDate": null,
      "issuePlace": null,
      "birthDate": null,
      "birthPlace": null,
      "arNamefornearPersonal": null,
      "enNameFornearPersonal": null,
      "telephoneforNearPesonal": null,
      "phoneForNearPersonal": null,
      "emailForNearPersonal": null,
      "note": null,
      "employee": 13
    }
  },
  {
    "model": "general_configuration.employeepersonaldata",
    "pk": 14,
    "fields": {
      "created_at": "2020-08-18T19:00:49.761Z",
      "modified_at": "2020-08-18T19:00:49.761Z",
      "created_by": 1,
      "modified_by": 1,
      "social_status": null,
      "nationality": null,
      "religin": null,
      "gender": null,
      "language": null,
      "bloodtype": null,
      "personalityType": null,
      "personalityNumber": 1,
      "issueDate": null,
      "expireDate": null,
      "issuePlace": null,
      "birthDate": null,
      "birthPlace": null,
      "arNamefornearPersonal": null,
      "enNameFornearPersonal": null,
      "telephoneforNearPesonal": null,
      "phoneForNearPersonal": null,
      "emailForNearPersonal": null,
      "note": null,
      "employee": 14
    }
  },
  {
    "model": "general_configuration.employeepersonaldata",
    "pk": 15,
    "fields": {
      "created_at": "2020-08-18T19:01:33.327Z",
      "modified_at": "2020-08-18T19:01:33.327Z",
      "created_by": 1,
      "modified_by": 1,
      "social_status": null,
      "nationality": null,
      "religin": null,
      "gender": null,
      "language": null,
      "bloodtype": null,
      "personalityType": null,
      "personalityNumber": 1,
      "issueDate": null,
      "expireDate": null,
      "issuePlace": null,
      "birthDate": null,
      "birthPlace": null,
      "arNamefornearPersonal": null,
      "enNameFornearPersonal": null,
      "telephoneforNearPesonal": null,
      "phoneForNearPersonal": null,
      "emailForNearPersonal": null,
      "note": null,
      "employee": 15
    }
  },
  {
    "model": "general_configuration.employeepersonaldata",
    "pk": 16,
    "fields": {
      "created_at": "2020-08-18T19:02:42.676Z",
      "modified_at": "2020-08-18T19:02:42.676Z",
      "created_by": 1,
      "modified_by": 1,
      "social_status": null,
      "nationality": null,
      "religin": null,
      "gender": null,
      "language": null,
      "bloodtype": null,
      "personalityType": null,
      "personalityNumber": 1,
      "issueDate": null,
      "expireDate": null,
      "issuePlace": null,
      "birthDate": null,
      "birthPlace": null,
      "arNamefornearPersonal": null,
      "enNameFornearPersonal": null,
      "telephoneforNearPesonal": null,
      "phoneForNearPersonal": null,
      "emailForNearPersonal": null,
      "note": null,
      "employee": 16
    }
  },
  {
    "model": "general_configuration.employeepersonaldata",
    "pk": 17,
    "fields": {
      "created_at": "2020-08-18T19:03:05.379Z",
      "modified_at": "2020-08-18T19:03:05.379Z",
      "created_by": 1,
      "modified_by": 1,
      "social_status": null,
      "nationality": null,
      "religin": null,
      "gender": null,
      "language": null,
      "bloodtype": null,
      "personalityType": null,
      "personalityNumber": 1,
      "issueDate": null,
      "expireDate": null,
      "issuePlace": null,
      "birthDate": null,
      "birthPlace": null,
      "arNamefornearPersonal": null,
      "enNameFornearPersonal": null,
      "telephoneforNearPesonal": null,
      "phoneForNearPersonal": null,
      "emailForNearPersonal": null,
      "note": null,
      "employee": 17
    }
  },
  {
    "model": "general_configuration.employeepersonaldata",
    "pk": 18,
    "fields": {
      "created_at": "2020-08-18T19:03:48.760Z",
      "modified_at": "2020-08-18T19:03:48.760Z",
      "created_by": 1,
      "modified_by": 1,
      "social_status": null,
      "nationality": null,
      "religin": null,
      "gender": null,
      "language": null,
      "bloodtype": null,
      "personalityType": null,
      "personalityNumber": 1,
      "issueDate": null,
      "expireDate": null,
      "issuePlace": null,
      "birthDate": null,
      "birthPlace": null,
      "arNamefornearPersonal": null,
      "enNameFornearPersonal": null,
      "telephoneforNearPesonal": null,
      "phoneForNearPersonal": null,
      "emailForNearPersonal": null,
      "note": null,
      "employee": 18
    }
  },
  {
    "model": "general_configuration.employeepersonaldata",
    "pk": 19,
    "fields": {
      "created_at": "2020-08-18T19:04:22.371Z",
      "modified_at": "2020-08-18T19:04:22.371Z",
      "created_by": 1,
      "modified_by": 1,
      "social_status": null,
      "nationality": null,
      "religin": null,
      "gender": null,
      "language": null,
      "bloodtype": null,
      "personalityType": null,
      "personalityNumber": 1,
      "issueDate": null,
      "expireDate": null,
      "issuePlace": null,
      "birthDate": null,
      "birthPlace": null,
      "arNamefornearPersonal": null,
      "enNameFornearPersonal": null,
      "telephoneforNearPesonal": null,
      "phoneForNearPersonal": null,
      "emailForNearPersonal": null,
      "note": null,
      "employee": 19
    }
  },
  {
    "model": "general_configuration.employeepersonaldata",
    "pk": 20,
    "fields": {
      "created_at": "2020-08-18T19:05:19.346Z",
      "modified_at": "2020-08-18T19:05:19.346Z",
      "created_by": 1,
      "modified_by": 1,
      "social_status": null,
      "nationality": null,
      "religin": null,
      "gender": null,
      "language": null,
      "bloodtype": null,
      "personalityType": null,
      "personalityNumber": 1,
      "issueDate": null,
      "expireDate": null,
      "issuePlace": null,
      "birthDate": null,
      "birthPlace": null,
      "arNamefornearPersonal": null,
      "enNameFornearPersonal": null,
      "telephoneforNearPesonal": null,
      "phoneForNearPersonal": null,
      "emailForNearPersonal": null,
      "note": null,
      "employee": 20
    }
  },
  {
    "model": "general_configuration.employeepersonaldata",
    "pk": 21,
    "fields": {
      "created_at": "2020-08-19T01:11:07.623Z",
      "modified_at": "2020-08-19T01:12:44.087Z",
      "created_by": 1,
      "modified_by": 1,
      "social_status": "Married",
      "nationality": null,
      "religin": "Muslims",
      "gender": null,
      "language": null,
      "bloodtype": null,
      "personalityType": null,
      "personalityNumber": 1,
      "issueDate": null,
      "expireDate": null,
      "issuePlace": null,
      "birthDate": null,
      "birthPlace": null,
      "arNamefornearPersonal": null,
      "enNameFornearPersonal": null,
      "telephoneforNearPesonal": null,
      "phoneForNearPersonal": null,
      "emailForNearPersonal": null,
      "note": null,
      "employee": 26
    }
  },
  {
    "model": "general_configuration.employeepersonaldata",
    "pk": 22,
    "fields": {
      "created_at": "2020-08-19T01:12:56.448Z",
      "modified_at": "2020-08-19T01:19:56.745Z",
      "created_by": 1,
      "modified_by": 1,
      "social_status": "Single",
      "nationality": null,
      "religin": "Muslims",
      "gender": null,
      "language": null,
      "bloodtype": null,
      "personalityType": null,
      "personalityNumber": 1,
      "issueDate": null,
      "expireDate": null,
      "issuePlace": null,
      "birthDate": null,
      "birthPlace": null,
      "arNamefornearPersonal": null,
      "enNameFornearPersonal": null,
      "telephoneforNearPesonal": null,
      "phoneForNearPersonal": null,
      "emailForNearPersonal": null,
      "note": null,
      "employee": 27
    }
  },
  {
    "model": "general_configuration.employeecontactdata",
    "pk": 1,
    "fields": {
      "created_at": "2020-08-18T18:39:58.282Z",
      "modified_at": "2020-08-18T18:39:58.282Z",
      "created_by": 1,
      "modified_by": 1,
      "telephoneNumber": null,
      "employee": 1,
      "phoneNumber": null,
      "faxnumber": 1,
      "inboxNumber": 1,
      "address": null,
      "webaddress": null,
      "email": null
    }
  },
  {
    "model": "general_configuration.employeecontactdata",
    "pk": 2,
    "fields": {
      "created_at": "2020-08-18T18:49:28.205Z",
      "modified_at": "2020-08-18T18:49:28.205Z",
      "created_by": 1,
      "modified_by": 1,
      "telephoneNumber": null,
      "employee": 2,
      "phoneNumber": null,
      "faxnumber": 1,
      "inboxNumber": 1,
      "address": null,
      "webaddress": null,
      "email": null
    }
  },
  {
    "model": "general_configuration.employeecontactdata",
    "pk": 3,
    "fields": {
      "created_at": "2020-08-18T18:50:25.243Z",
      "modified_at": "2020-08-18T18:50:25.243Z",
      "created_by": 1,
      "modified_by": 1,
      "telephoneNumber": null,
      "employee": 3,
      "phoneNumber": null,
      "faxnumber": 1,
      "inboxNumber": 1,
      "address": null,
      "webaddress": null,
      "email": null
    }
  },
  {
    "model": "general_configuration.employeecontactdata",
    "pk": 4,
    "fields": {
      "created_at": "2020-08-18T18:52:38.919Z",
      "modified_at": "2020-08-18T18:52:38.919Z",
      "created_by": 1,
      "modified_by": 1,
      "telephoneNumber": null,
      "employee": 4,
      "phoneNumber": null,
      "faxnumber": 1,
      "inboxNumber": 1,
      "address": null,
      "webaddress": null,
      "email": null
    }
  },
  {
    "model": "general_configuration.employeecontactdata",
    "pk": 5,
    "fields": {
      "created_at": "2020-08-18T18:53:06.371Z",
      "modified_at": "2020-08-18T18:53:06.371Z",
      "created_by": 1,
      "modified_by": 1,
      "telephoneNumber": null,
      "employee": 5,
      "phoneNumber": null,
      "faxnumber": 1,
      "inboxNumber": 1,
      "address": null,
      "webaddress": null,
      "email": null
    }
  },
  {
    "model": "general_configuration.employeecontactdata",
    "pk": 6,
    "fields": {
      "created_at": "2020-08-18T18:53:41.012Z",
      "modified_at": "2020-08-18T18:53:41.012Z",
      "created_by": 1,
      "modified_by": 1,
      "telephoneNumber": null,
      "employee": 6,
      "phoneNumber": null,
      "faxnumber": 1,
      "inboxNumber": 1,
      "address": null,
      "webaddress": null,
      "email": null
    }
  },
  {
    "model": "general_configuration.employeecontactdata",
    "pk": 7,
    "fields": {
      "created_at": "2020-08-18T18:54:15.368Z",
      "modified_at": "2020-08-18T18:54:15.368Z",
      "created_by": 1,
      "modified_by": 1,
      "telephoneNumber": null,
      "employee": 7,
      "phoneNumber": null,
      "faxnumber": 1,
      "inboxNumber": 1,
      "address": null,
      "webaddress": null,
      "email": null
    }
  },
  {
    "model": "general_configuration.employeecontactdata",
    "pk": 8,
    "fields": {
      "created_at": "2020-08-18T18:55:18.950Z",
      "modified_at": "2020-08-18T18:55:18.950Z",
      "created_by": 1,
      "modified_by": 1,
      "telephoneNumber": null,
      "employee": 8,
      "phoneNumber": null,
      "faxnumber": 1,
      "inboxNumber": 1,
      "address": null,
      "webaddress": null,
      "email": null
    }
  },
  {
    "model": "general_configuration.employeecontactdata",
    "pk": 9,
    "fields": {
      "created_at": "2020-08-18T18:55:54.058Z",
      "modified_at": "2020-08-19T01:09:46.323Z",
      "created_by": 1,
      "modified_by": 1,
      "telephoneNumber": null,
      "employee": 9,
      "phoneNumber": null,
      "faxnumber": 1,
      "inboxNumber": 1,
      "address": null,
      "webaddress": null,
      "email": null
    }
  },
  {
    "model": "general_configuration.employeecontactdata",
    "pk": 10,
    "fields": {
      "created_at": "2020-08-18T18:56:34.032Z",
      "modified_at": "2020-08-27T01:51:37.628Z",
      "created_by": 1,
      "modified_by": 1,
      "telephoneNumber": "01234523",
      "employee": 10,
      "phoneNumber": "777777777",
      "faxnumber": 1253256,
      "inboxNumber": 1,
      "address": null,
      "webaddress": null,
      "email": "zaid@gmail.com"
    }
  },
  {
    "model": "general_configuration.employeecontactdata",
    "pk": 11,
    "fields": {
      "created_at": "2020-08-18T18:57:13.583Z",
      "modified_at": "2020-08-18T18:57:13.583Z",
      "created_by": 1,
      "modified_by": 1,
      "telephoneNumber": null,
      "employee": 11,
      "phoneNumber": null,
      "faxnumber": 1,
      "inboxNumber": 1,
      "address": null,
      "webaddress": null,
      "email": null
    }
  },
  {
    "model": "general_configuration.employeecontactdata",
    "pk": 12,
    "fields": {
      "created_at": "2020-08-18T18:58:04.741Z",
      "modified_at": "2020-08-18T18:58:04.741Z",
      "created_by": 1,
      "modified_by": 1,
      "telephoneNumber": null,
      "employee": 12,
      "phoneNumber": null,
      "faxnumber": 1,
      "inboxNumber": 1,
      "address": null,
      "webaddress": null,
      "email": null
    }
  },
  {
    "model": "general_configuration.employeecontactdata",
    "pk": 13,
    "fields": {
      "created_at": "2020-08-18T18:58:50.055Z",
      "modified_at": "2020-08-18T18:58:50.055Z",
      "created_by": 1,
      "modified_by": 1,
      "telephoneNumber": null,
      "employee": 13,
      "phoneNumber": null,
      "faxnumber": 1,
      "inboxNumber": 1,
      "address": null,
      "webaddress": null,
      "email": null
    }
  },
  {
    "model": "general_configuration.employeecontactdata",
    "pk": 14,
    "fields": {
      "created_at": "2020-08-18T19:00:49.766Z",
      "modified_at": "2020-08-18T19:00:49.766Z",
      "created_by": 1,
      "modified_by": 1,
      "telephoneNumber": null,
      "employee": 14,
      "phoneNumber": null,
      "faxnumber": 1,
      "inboxNumber": 1,
      "address": null,
      "webaddress": null,
      "email": null
    }
  },
  {
    "model": "general_configuration.employeecontactdata",
    "pk": 15,
    "fields": {
      "created_at": "2020-08-18T19:01:33.330Z",
      "modified_at": "2020-08-18T19:01:33.330Z",
      "created_by": 1,
      "modified_by": 1,
      "telephoneNumber": null,
      "employee": 15,
      "phoneNumber": null,
      "faxnumber": 1,
      "inboxNumber": 1,
      "address": null,
      "webaddress": null,
      "email": null
    }
  },
  {
    "model": "general_configuration.employeecontactdata",
    "pk": 16,
    "fields": {
      "created_at": "2020-08-18T19:02:42.679Z",
      "modified_at": "2020-08-18T19:02:42.679Z",
      "created_by": 1,
      "modified_by": 1,
      "telephoneNumber": null,
      "employee": 16,
      "phoneNumber": null,
      "faxnumber": 1,
      "inboxNumber": 1,
      "address": null,
      "webaddress": null,
      "email": null
    }
  },
  {
    "model": "general_configuration.employeecontactdata",
    "pk": 17,
    "fields": {
      "created_at": "2020-08-18T19:03:05.382Z",
      "modified_at": "2020-08-18T19:03:05.382Z",
      "created_by": 1,
      "modified_by": 1,
      "telephoneNumber": null,
      "employee": 17,
      "phoneNumber": null,
      "faxnumber": 1,
      "inboxNumber": 1,
      "address": null,
      "webaddress": null,
      "email": null
    }
  },
  {
    "model": "general_configuration.employeecontactdata",
    "pk": 18,
    "fields": {
      "created_at": "2020-08-18T19:03:48.764Z",
      "modified_at": "2020-08-18T19:03:48.764Z",
      "created_by": 1,
      "modified_by": 1,
      "telephoneNumber": null,
      "employee": 18,
      "phoneNumber": null,
      "faxnumber": 1,
      "inboxNumber": 1,
      "address": null,
      "webaddress": null,
      "email": null
    }
  },
  {
    "model": "general_configuration.employeecontactdata",
    "pk": 19,
    "fields": {
      "created_at": "2020-08-18T19:04:22.374Z",
      "modified_at": "2020-08-18T19:04:22.374Z",
      "created_by": 1,
      "modified_by": 1,
      "telephoneNumber": null,
      "employee": 19,
      "phoneNumber": null,
      "faxnumber": 1,
      "inboxNumber": 1,
      "address": null,
      "webaddress": null,
      "email": null
    }
  },
  {
    "model": "general_configuration.employeecontactdata",
    "pk": 20,
    "fields": {
      "created_at": "2020-08-18T19:05:19.350Z",
      "modified_at": "2020-08-18T19:05:19.350Z",
      "created_by": 1,
      "modified_by": 1,
      "telephoneNumber": null,
      "employee": 20,
      "phoneNumber": null,
      "faxnumber": 1,
      "inboxNumber": 1,
      "address": null,
      "webaddress": null,
      "email": null
    }
  },
  {
    "model": "general_configuration.employeecontactdata",
    "pk": 21,
    "fields": {
      "created_at": "2020-08-19T01:11:07.626Z",
      "modified_at": "2020-08-19T01:12:44.090Z",
      "created_by": 1,
      "modified_by": 1,
      "telephoneNumber": null,
      "employee": 26,
      "phoneNumber": null,
      "faxnumber": 1,
      "inboxNumber": 1,
      "address": null,
      "webaddress": null,
      "email": null
    }
  },
  {
    "model": "general_configuration.employeecontactdata",
    "pk": 22,
    "fields": {
      "created_at": "2020-08-19T01:12:56.452Z",
      "modified_at": "2020-08-19T01:19:56.748Z",
      "created_by": 1,
      "modified_by": 1,
      "telephoneNumber": null,
      "employee": 27,
      "phoneNumber": null,
      "faxnumber": 1,
      "inboxNumber": 1,
      "address": null,
      "webaddress": null,
      "email": null
    }
  },
  {
    "model": "general_configuration.employeecontactdata",
    "pk": 23,
    "fields": {
      "created_at": "2020-08-27T01:16:31.804Z",
      "modified_at": "2020-08-27T01:16:31.804Z",
      "created_by": 1,
      "modified_by": 1,
      "telephoneNumber": null,
      "employee": 28,
      "phoneNumber": null,
      "faxnumber": 1,
      "inboxNumber": 1,
      "address": null,
      "webaddress": null,
      "email": null
    }
  },
  {
    "model": "general_configuration.employeecontactdata",
    "pk": 24,
    "fields": {
      "created_at": "2020-08-27T01:31:07.677Z",
      "modified_at": "2020-08-27T01:31:07.677Z",
      "created_by": 1,
      "modified_by": 1,
      "telephoneNumber": null,
      "employee": 29,
      "phoneNumber": null,
      "faxnumber": 1,
      "inboxNumber": 1,
      "address": null,
      "webaddress": null,
      "email": null
    }
  },
  {
    "model": "ittech.branch",
    "pk": 1,
    "fields": {
      "created_at": "2020-08-11T17:33:50.957Z",
      "modified_at": "2020-09-01T00:17:13.092Z",
      "created_by": 1,
      "modified_by": 1,
      "company": 1,
      "area": 1,
      "name_ar": "\u0641\u0631\u0639 \u0641\u062c \u0639\u0637\u0627\u0646",
      "name_en": null,
      "address": null,
      "address_en": null,
      "first_line": null,
      "second_line": null,
      "third_line": null,
      "first_line_en": null,
      "second_line_en": null,
      "third_line_en": null,
      "specifiction": null,
      "website": null,
      "image": "images/download_lbfRPg3.jpg",
      "tax_number": null,
      "company_register": null,
      "phone": "777777777"
    }
  },
  {
    "model": "ittech.branch",
    "pk": 2,
    "fields": {
      "created_at": "2020-08-11T19:13:44.569Z",
      "modified_at": "2020-08-17T23:34:42.665Z",
      "created_by": 1,
      "modified_by": 1,
      "company": 1,
      "area": 2,
      "name_ar": "\u0641\u0631\u0639 \u062d\u062c\u0629",
      "name_en": null,
      "address": null,
      "address_en": null,
      "first_line": null,
      "second_line": null,
      "third_line": null,
      "first_line_en": null,
      "second_line_en": null,
      "third_line_en": null,
      "specifiction": null,
      "website": null,
      "image": "",
      "tax_number": null,
      "company_register": null,
      "phone": "True"
    }
  },
  {
    "model": "ittech.branch",
    "pk": 4,
    "fields": {
      "created_at": "2020-08-17T23:33:35.728Z",
      "modified_at": "2020-08-17T23:36:40.185Z",
      "created_by": 1,
      "modified_by": 1,
      "company": 1,
      "area": 3,
      "name_ar": "\u0641\u0631\u0639 \u0635\u0646\u0639\u0627\u0621",
      "name_en": null,
      "address": "\u0634/ \u0647\u0627\u0626\u0644",
      "address_en": null,
      "first_line": "\u0641\u0631\u0639 \u0635\u0646\u0639\u0627\u0621",
      "second_line": "\u0634\u0627\u0631\u0639 \u0647\u0627\u0626\u0644",
      "third_line": null,
      "first_line_en": null,
      "second_line_en": null,
      "third_line_en": null,
      "specifiction": null,
      "website": null,
      "image": "",
      "tax_number": null,
      "company_register": null,
      "phone": "True"
    }
  },
  {
    "model": "ittech.area",
    "pk": 1,
    "fields": {
      "created_at": "2020-07-19T17:32:14.866Z",
      "modified_at": "2020-07-19T17:32:14.866Z",
      "created_by": 1,
      "modified_by": 1,
      "name_ar": "\u0627\u0644\u0633\u062a\u064a\u0646",
      "name_en": null,
      "area_cities": 1,
      "abbreviation_name": "\u0633\u062b"
    }
  },
  {
    "model": "ittech.area",
    "pk": 2,
    "fields": {
      "created_at": "2020-08-11T19:13:20.932Z",
      "modified_at": "2020-08-18T02:52:04.950Z",
      "created_by": 1,
      "modified_by": 1,
      "name_ar": "ee",
      "name_en": "yyyyyy",
      "area_cities": 1,
      "abbreviation_name": ""
    }
  },
  {
    "model": "ittech.area",
    "pk": 3,
    "fields": {
      "created_at": "2020-08-13T02:58:21.981Z",
      "modified_at": "2020-08-27T00:48:07.267Z",
      "created_by": 1,
      "modified_by": 1,
      "name_ar": "\u0634\u0627\u0631\u0639 \u0645\u0630\u0628\u062d",
      "name_en": "mathph",
      "area_cities": 1,
      "abbreviation_name": "m"
    }
  },
  {
    "model": "ittech.cities",
    "pk": 1,
    "fields": {
      "created_at": "2020-08-11T17:33:29.806Z",
      "modified_at": "2020-08-26T19:01:14.132Z",
      "created_by": 1,
      "modified_by": 1,
      "name_ar": "\u0641\u062c \u0639\u0637\u0627\u0646",
      "name_en": "adan",
      "abbreviation_name": "fa",
      "governorate": 1
    }
  },
  {
    "model": "ittech.cities",
    "pk": 6,
    "fields": {
      "created_at": "2020-08-13T02:51:24.011Z",
      "modified_at": "2020-08-26T18:59:05.969Z",
      "created_by": 1,
      "modified_by": 1,
      "name_ar": "\u0645\u062f\u064a\u0631\u064a\u0629 \u0627\u0644\u0645\u0641\u062a\u0627\u062d",
      "name_en": "almftah",
      "abbreviation_name": "a",
      "governorate": 19
    }
  },
  {
    "model": "ittech.cities",
    "pk": 12,
    "fields": {
      "created_at": "2020-08-27T00:49:44.698Z",
      "modified_at": "2020-08-27T00:49:44.698Z",
      "created_by": 1,
      "modified_by": 1,
      "name_ar": "\u0627\u0644\u0627\u0645\u0627\u0646\u0647",
      "name_en": "amanh",
      "abbreviation_name": "A",
      "governorate": 1
    }
  },
  {
    "model": "ittech.governorates",
    "pk": 1,
    "fields": {
      "created_at": "2020-08-11T17:33:24.689Z",
      "modified_at": "2020-08-27T00:29:26.448Z",
      "created_by": 1,
      "modified_by": 1,
      "name_ar": "\u0635\u0646\u0639\u0627\u0621",
      "name_en": "Sana'a",
      "abbreviation_name": "Sa",
      "country": 1
    }
  },
  {
    "model": "ittech.governorates",
    "pk": 2,
    "fields": {
      "created_at": "2020-08-11T19:13:01.066Z",
      "modified_at": "2020-08-27T00:30:10.384Z",
      "created_by": 1,
      "modified_by": 1,
      "name_ar": "\u0635\u0646\u0639\u0627\u0621",
      "name_en": "hajjah",
      "abbreviation_name": "\u0635",
      "country": 1
    }
  },
  {
    "model": "ittech.governorates",
    "pk": 19,
    "fields": {
      "created_at": "2020-08-26T18:55:57.409Z",
      "modified_at": "2020-08-27T00:37:31.176Z",
      "created_by": 1,
      "modified_by": 1,
      "name_ar": "\u0635\u0639\u062f\u0629",
      "name_en": "Saada",
      "abbreviation_name": "sa",
      "country": 1
    }
  },
  {
    "model": "ittech.country",
    "pk": 1,
    "fields": {
      "created_at": "2020-08-11T17:33:20.407Z",
      "modified_at": "2020-08-27T00:20:34.942Z",
      "created_by": 1,
      "modified_by": 1,
      "name_ar": "\u0627\u0644\u064a\u0645\u0646",
      "name_en": "Yamen",
      "abbreviation_name": "YE",
      "contient": "Asia",
      "nationality": "Islam"
    }
  },
  {
    "model": "ittech.company",
    "pk": 1,
    "fields": {
      "created_at": "2020-08-11T17:31:49.158Z",
      "modified_at": "2020-08-11T17:31:49.158Z",
      "created_by": 1,
      "modified_by": 1,
      "name_ar": "\u0634\u0631\u0643\u0629 \u0627\u064a\u062a\u064a \u062a\u0643",
      "name_en": "ItTech",
      "abbrivation_name": null,
      "abbrivation_name_en": null,
      "note": null,
      "image": ""
    }
  },
  {
    "model": "ittech.company",
    "pk": 6,
    "fields": {
      "created_at": "2020-08-27T01:00:05.632Z",
      "modified_at": "2020-08-27T01:00:24.413Z",
      "created_by": 1,
      "modified_by": 1,
      "name_ar": "\u0627\u064a \u062a\u064a \u062a\u0643",
      "name_en": "ItTech",
      "abbrivation_name": "\u0627\u064a \u0646\u064a",
      "abbrivation_name_en": "It",
      "note": "sdhjflkafjf",
      "image": ""
    }
  }
]
