[
  {
    "model": "supplier.generalvariables",
    "pk": 1,
    "fields": {
      "created_at": "2020-08-17T04:18:18.564Z",
      "modified_at": "2020-08-17T04:24:45.702Z",
      "created_by": 1,
      "modified_by": 1,
      "linking_item_resource_obligatory": true,
      "enter_sale_price_into_purchase_invoice": false,
      "mandatory_entry": true,
      "show_total_amount_item": true,
      "show_item_specifications": false,
      "show_statement_item_level": false,
      "show_total_amount_invoice": true,
      "discount_coding_type": "NonUser",
      "Use_multiple_stores": false,
      "item_discount_type": "Percentage",
      "burdens_used_bills": true
    }
  },
  {
    "model": "supplier.suppliertype",
    "pk": 1,
    "fields": {
      "created_at": "2020-08-14T04:54:59.610Z",
      "modified_at": "2020-08-19T01:11:27.939Z",
      "created_by": 1,
      "modified_by": 1,
      "arabic_name": "\u0645\u0648\u0631\u062f\u064a\u0646 \u0645\u0633\u062a\u0644\u0632\u0645\u0627\u062a \u0633\u0644\u0639\u064a\u0629",
      "english_name": "Hash supplier",
      "counter": 19
    }
  },
  {
    "model": "supplier.suppliertype",
    "pk": 2,
    "fields": {
      "created_at": "2020-08-16T18:14:18.005Z",
      "modified_at": "2020-08-19T01:10:33.237Z",
      "created_by": 1,
      "modified_by": 1,
      "arabic_name": "\u0645\u0648\u0631\u062f\u064a\u0646 \u0627\u062f\u0648\u064a\u0629",
      "english_name": "suppleir",
      "counter": 14
    }
  },
  {
    "model": "supplier.suppliertype",
    "pk": 3,
    "fields": {
      "created_at": "2020-08-16T20:03:37.211Z",
      "modified_at": "2020-08-16T20:03:37.274Z",
      "created_by": 1,
      "modified_by": 1,
      "arabic_name": "\u0645\u0648\u0631\u062f \u0645\u0648\u0627\u062f \u063a\u0630\u0627\u0626\u064a\u0647",
      "english_name": "supplier fode",
      "counter": 4
    }
  },
  {
    "model": "supplier.suppliergrade",
    "pk": 1,
    "fields": {
      "created_at": "2020-08-14T04:52:12.919Z",
      "modified_at": "2020-08-14T04:52:12.995Z",
      "created_by": 1,
      "modified_by": 1,
      "arabic_name": "\u0645\u0645\u062a\u0627\u0632",
      "english_name": "Excellent"
    }
  },
  {
    "model": "supplier.suppliergrade",
    "pk": 2,
    "fields": {
      "created_at": "2020-08-15T23:33:02.244Z",
      "modified_at": "2020-08-15T23:33:02.250Z",
      "created_by": 1,
      "modified_by": 1,
      "arabic_name": "\u062c\u064a\u062f \u062c\u062f\u0627",
      "english_name": "very good"
    }
  },
  {
    "model": "supplier.suppliergrade",
    "pk": 3,
    "fields": {
      "created_at": "2020-08-15T23:33:27.097Z",
      "modified_at": "2020-08-15T23:33:27.105Z",
      "created_by": 1,
      "modified_by": 1,
      "arabic_name": "\u062c\u064a\u062f",
      "english_name": "good"
    }
  },
  {
    "model": "supplier.suppliergroup",
    "pk": 1,
    "fields": {
      "created_at": "2020-08-14T04:47:49.621Z",
      "modified_at": "2020-08-14T04:47:49.630Z",
      "created_by": 1,
      "modified_by": 1,
      "arabic_name": "\u0645\u0648\u0631\u062f\u064a\u0646 \u0635\u0646\u0639\u0627\u0621",
      "english_name": "sana'a suplier"
    }
  },
  {
    "model": "supplier.suppliergroup",
    "pk": 2,
    "fields": {
      "created_at": "2020-08-15T23:33:59.525Z",
      "modified_at": "2020-08-15T23:33:59.535Z",
      "created_by": 1,
      "modified_by": 1,
      "arabic_name": "\u0645\u0648\u0631\u062f\u064a\u0646 \u0630\u0645\u0627\u0631",
      "english_name": "thamar suplier"
    }
  },
  {
    "model": "supplier.suppliergroup",
    "pk": 3,
    "fields": {
      "created_at": "2020-08-15T23:34:25.239Z",
      "modified_at": "2020-08-15T23:34:44.590Z",
      "created_by": 1,
      "modified_by": 1,
      "arabic_name": "\u0645\u0648\u0631\u062f\u064a\u0646 \u062d\u062c\u0629",
      "english_name": "suplier hajah"
    }
  },
  {
    "model": "supplier.suppliergroup",
    "pk": 4,
    "fields": {
      "created_at": "2020-08-19T01:14:38.603Z",
      "modified_at": "2020-08-19T01:14:38.646Z",
      "created_by": 1,
      "modified_by": 1,
      "arabic_name": "\u0645\u0648\u0631\u062f\u064a\u0646 \u0639\u062f\u0646",
      "english_name": "adan"
    }
  },
  {
    "model": "supplier.suppliergroup",
    "pk": 5,
    "fields": {
      "created_at": "2020-08-19T01:15:39.816Z",
      "modified_at": "2020-08-19T01:15:39.848Z",
      "created_by": 1,
      "modified_by": 1,
      "arabic_name": "\u0645\u0648\u0631\u062f\u064a\u0646 \u062a\u0639\u0632",
      "english_name": "taez"
    }
  },
  {
    "model": "supplier.supplier",
    "pk": 1,
    "fields": {
      "created_at": "2020-08-15T18:43:47.977Z",
      "modified_at": "2020-08-26T00:10:29.525Z",
      "created_by": 1,
      "modified_by": 1,
      "branch": 1,
      "code": "00100018",
      "country": 1,
      "arabic_name": "\u0639\u0644\u064a \u0635\u0627\u0644\u062d",
      "english_name": "Ali saleeh",
      "num_ph": null,
      "fax_num": 43423,
      "mobail_num": "775673287",
      "mail_box": "16453",
      "addres": "\u0635\u0646\u0639\u0627\u0621 - \u0639\u0637\u0627\u0646",
      "email": "ali@gaimal.com",
      "account": 230,
      "cost_center": 9,
      "group": 1,
      "supplier_type": 1,
      "supplier_grade": 1,
      "dealing_date": "2020-08-25"
    }
  },
  {
    "model": "supplier.supplier",
    "pk": 2,
    "fields": {
      "created_at": "2020-08-15T23:29:44.546Z",
      "modified_at": "2020-08-24T19:05:33.760Z",
      "created_by": 1,
      "modified_by": 1,
      "branch": 1,
      "code": "0010002",
      "country": 1,
      "arabic_name": "\u0645\u062d\u0645\u062f \u0627\u062d\u0645\u062f",
      "english_name": "Mohammed Ahmed",
      "num_ph": "776543234",
      "fax_num": 65765,
      "mobail_num": "7112343566",
      "mail_box": "88754",
      "addres": "\u0635\u0646\u0639\u0627\u0621 - \u062d\u062f\u0629",
      "email": "mohammed@gmail.com",
      "account": 41,
      "cost_center": 9,
      "group": 1,
      "supplier_type": 1,
      "supplier_grade": 1,
      "dealing_date": "2020-08-15"
    }
  },
  {
    "model": "supplier.supplier",
    "pk": 3,
    "fields": {
      "created_at": "2020-08-15T23:38:08.177Z",
      "modified_at": "2020-08-24T19:05:33.788Z",
      "created_by": 1,
      "modified_by": 1,
      "branch": 2,
      "code": "0010003",
      "country": 1,
      "arabic_name": "\u0646\u0627\u0635\u0631 \u0627\u062d\u0645\u062f",
      "english_name": "Naser Ahmmed",
      "num_ph": "77498736",
      "fax_num": 666,
      "mobail_num": "7112343599",
      "mail_box": "66554",
      "addres": "\u062d\u062c\u0629",
      "email": "naser@gaimal.com",
      "account": 41,
      "cost_center": 9,
      "group": 3,
      "supplier_type": 1,
      "supplier_grade": 2,
      "dealing_date": "2020-08-15"
    }
  },
  {
    "model": "supplier.supplier",
    "pk": 4,
    "fields": {
      "created_at": "2020-08-16T18:08:14.077Z",
      "modified_at": "2020-08-24T19:05:33.816Z",
      "created_by": 1,
      "modified_by": 1,
      "branch": 1,
      "code": "0010004",
      "country": 1,
      "arabic_name": "\u062d\u0645\u0648\u062f \u0635\u0627\u0644\u062d",
      "english_name": "Hamod",
      "num_ph": "77654464564",
      "fax_num": 7777,
      "mobail_num": "7765433444",
      "mail_box": "78686767",
      "addres": "\u0635\u0646\u0639\u0627\u0621",
      "email": "grfrt@gmail.com",
      "account": 41,
      "cost_center": 9,
      "group": 1,
      "supplier_type": 1,
      "supplier_grade": 2,
      "dealing_date": "2020-08-28"
    }
  },
  {
    "model": "supplier.supplier",
    "pk": 5,
    "fields": {
      "created_at": "2020-08-16T18:23:59.829Z",
      "modified_at": "2020-08-24T19:05:33.850Z",
      "created_by": 1,
      "modified_by": 1,
      "branch": 1,
      "code": "0010006",
      "country": 1,
      "arabic_name": "\u0645\u062d\u0645\u062f \u0627\u0644\u0643\u0648\u0643\u0628\u0627\u0646\u064a",
      "english_name": "Mohmad alkokpanu",
      "num_ph": "017665",
      "fax_num": 21641,
      "mobail_num": "777613251",
      "mail_box": "7146756",
      "addres": "\u0635\u0646\u0639\u0627\u0621",
      "email": "ghfrt@gmail.com",
      "account": 104,
      "cost_center": 9,
      "group": 1,
      "supplier_type": 1,
      "supplier_grade": 2,
      "dealing_date": "2020-08-14"
    }
  },
  {
    "model": "supplier.supplier",
    "pk": 6,
    "fields": {
      "created_at": "2020-08-16T18:30:19.921Z",
      "modified_at": "2020-08-24T19:05:33.883Z",
      "created_by": 1,
      "modified_by": 1,
      "branch": 1,
      "code": "0020001",
      "country": 1,
      "arabic_name": "\u0646\u0648\u0631\u0627\u0644\u062f\u064a\u0646 \u0627\u0644\u0648\u0644\u064a",
      "english_name": "Nooraldeen-ALwali",
      "num_ph": "07450465",
      "fax_num": 53642,
      "mobail_num": "770971803",
      "mail_box": "56",
      "addres": "\u0627\u0644\u0645\u062d\u0648\u064a\u062a",
      "email": "noor@gmail.com",
      "account": 104,
      "cost_center": 9,
      "group": 1,
      "supplier_type": 2,
      "supplier_grade": 1,
      "dealing_date": "2020-05-04"
    }
  },
  {
    "model": "supplier.supplier",
    "pk": 7,
    "fields": {
      "created_at": "2020-08-16T18:34:09.791Z",
      "modified_at": "2020-08-24T19:05:33.929Z",
      "created_by": 1,
      "modified_by": 1,
      "branch": 2,
      "code": "0020002",
      "country": 1,
      "arabic_name": "\u062d\u0645\u0648\u062f \u0634\u0627\u0635",
      "english_name": "Hamod\u063a",
      "num_ph": "01365428",
      "fax_num": 3265,
      "mobail_num": "777654298",
      "mail_box": "86",
      "addres": "\u062d\u062c\u0629",
      "email": "grdfy@gmail.com",
      "account": 104,
      "cost_center": 9,
      "group": 3,
      "supplier_type": 2,
      "supplier_grade": 2,
      "dealing_date": "2020-08-18"
    }
  },
  {
    "model": "supplier.supplier",
    "pk": 8,
    "fields": {
      "created_at": "2020-08-16T18:42:22.715Z",
      "modified_at": "2020-08-24T19:05:33.963Z",
      "created_by": 1,
      "modified_by": 1,
      "branch": 1,
      "code": "0010007",
      "country": 1,
      "arabic_name": "\u0635\u0627\u0644\u062d \u0627\u0633\u062f",
      "english_name": "salh asad",
      "num_ph": "0166528",
      "fax_num": 6934,
      "mobail_num": "772583694",
      "mail_box": "46378",
      "addres": "\u0635\u0646\u0639\u0627\u0621",
      "email": "hgjui@gmail.com",
      "account": 104,
      "cost_center": 9,
      "group": 1,
      "supplier_type": 1,
      "supplier_grade": 2,
      "dealing_date": "2020-05-05"
    }
  },
  {
    "model": "supplier.supplier",
    "pk": 9,
    "fields": {
      "created_at": "2020-08-16T18:46:18.680Z",
      "modified_at": "2020-08-24T19:05:33.303Z",
      "created_by": 1,
      "modified_by": 1,
      "branch": 2,
      "code": "0020003",
      "country": 1,
      "arabic_name": "\u0632\u064a\u062f \u0639\u0644\u064a",
      "english_name": "zid ali",
      "num_ph": "047894",
      "fax_num": 45344,
      "mobail_num": null,
      "mail_box": "975",
      "addres": "\u062a\u062a\u0639\u0632",
      "email": "weufk@gmail.com",
      "account": 104,
      "cost_center": 9,
      "group": 3,
      "supplier_type": 2,
      "supplier_grade": 1,
      "dealing_date": "2020-06-05"
    }
  },
  {
    "model": "supplier.supplier",
    "pk": 10,
    "fields": {
      "created_at": "2020-08-16T18:50:01.527Z",
      "modified_at": "2020-08-24T19:05:33.348Z",
      "created_by": 1,
      "modified_by": 1,
      "branch": 1,
      "code": "0020004",
      "country": 1,
      "arabic_name": "\u0639\u0628\u062f\u0627\u0644\u0646\u0627\u0635\u0631 \u0647\u0627\u062f\u064a",
      "english_name": "Abdalneisr-Hady",
      "num_ph": "046875",
      "fax_num": 58689,
      "mobail_num": "775911849",
      "mail_box": "75645",
      "addres": "\u062a\u0639\u0632",
      "email": "Abdalneisr@gmail.com",
      "account": 104,
      "cost_center": 9,
      "group": 1,
      "supplier_type": 2,
      "supplier_grade": 1,
      "dealing_date": "2020-08-07"
    }
  },
  {
    "model": "supplier.supplier",
    "pk": 11,
    "fields": {
      "created_at": "2020-08-16T18:53:58.677Z",
      "modified_at": "2020-08-24T19:05:33.383Z",
      "created_by": 1,
      "modified_by": 1,
      "branch": 2,
      "code": "0020005",
      "country": 1,
      "arabic_name": "\u0645\u062d\u0645\u062f \u0647\u0628\u0629",
      "english_name": "Mohmad hbh",
      "num_ph": "016563",
      "fax_num": 7465,
      "mobail_num": "774561235",
      "mail_box": "87674",
      "addres": "\u0635\u0646\u0639\u0627\u0621",
      "email": "Mohmad@gmail.com",
      "account": 41,
      "cost_center": 9,
      "group": 3,
      "supplier_type": 2,
      "supplier_grade": 1,
      "dealing_date": "2020-11-11"
    }
  },
  {
    "model": "supplier.supplier",
    "pk": 12,
    "fields": {
      "created_at": "2020-08-16T18:57:22.072Z",
      "modified_at": "2020-08-24T19:05:33.420Z",
      "created_by": 1,
      "modified_by": 1,
      "branch": 2,
      "code": "0010008",
      "country": 1,
      "arabic_name": "\u0645\u0642\u062f\u0627\u062f \u0627\u0644\u0648\u0627\u064a\u0644\u064a",
      "english_name": "Magdad alwely",
      "num_ph": "0167636",
      "fax_num": 456341,
      "mobail_num": "776221325",
      "mail_box": "654631",
      "addres": "\u0635\u0646\u0639\u0627\u0621",
      "email": "Magdad@gmail.com",
      "account": 41,
      "cost_center": 9,
      "group": 3,
      "supplier_type": 1,
      "supplier_grade": 1,
      "dealing_date": "2020-02-22"
    }
  },
  {
    "model": "supplier.supplier",
    "pk": 13,
    "fields": {
      "created_at": "2020-08-16T19:01:19.925Z",
      "modified_at": "2020-08-24T19:05:33.462Z",
      "created_by": 1,
      "modified_by": 1,
      "branch": 2,
      "code": "0020006",
      "country": 1,
      "arabic_name": "\u0641\u0627\u0631\u0633 \u0627\u062d\u0645\u062f",
      "english_name": "Fars ahmad",
      "num_ph": "773354467",
      "fax_num": 4554,
      "mobail_num": null,
      "mail_box": "456213",
      "addres": "\u062d\u062c\u0629",
      "email": "Fars@gmail.com",
      "account": 41,
      "cost_center": 9,
      "group": 3,
      "supplier_type": 2,
      "supplier_grade": 1,
      "dealing_date": "2020-11-02"
    }
  },
  {
    "model": "supplier.supplier",
    "pk": 14,
    "fields": {
      "created_at": "2020-08-16T19:06:06.678Z",
      "modified_at": "2020-08-24T19:05:33.499Z",
      "created_by": 1,
      "modified_by": 1,
      "branch": 1,
      "code": "0010009",
      "country": 1,
      "arabic_name": "\u0633\u0627\u0644\u0645 \u0627\u0633\u0639\u062f",
      "english_name": "salm asid",
      "num_ph": "015658",
      "fax_num": 56478,
      "mobail_num": "777859415",
      "mail_box": "86856",
      "addres": "\u0631\u064a\u0645\u0629",
      "email": "yuujui@gmail.com",
      "account": 41,
      "cost_center": 9,
      "group": 1,
      "supplier_type": 1,
      "supplier_grade": 1,
      "dealing_date": "2020-12-05"
    }
  },
  {
    "model": "supplier.supplier",
    "pk": 15,
    "fields": {
      "created_at": "2020-08-16T19:09:21.831Z",
      "modified_at": "2020-08-24T19:05:33.536Z",
      "created_by": 1,
      "modified_by": 1,
      "branch": 1,
      "code": "0020007",
      "country": 1,
      "arabic_name": "\u0645\u0631\u0648\u0627\u0646 \u0627\u0633\u062f",
      "english_name": "maroan asd",
      "num_ph": "0174654",
      "fax_num": 5465,
      "mobail_num": "777452145",
      "mail_box": "846",
      "addres": "\u0635\u0639\u062f\u0629",
      "email": "maroan@gmail.com",
      "account": 41,
      "cost_center": 9,
      "group": 1,
      "supplier_type": 2,
      "supplier_grade": 2,
      "dealing_date": "2020-02-22"
    }
  },
  {
    "model": "supplier.supplier",
    "pk": 16,
    "fields": {
      "created_at": "2020-08-16T19:12:54.930Z",
      "modified_at": "2020-08-24T19:05:33.573Z",
      "created_by": 1,
      "modified_by": 1,
      "branch": 1,
      "code": "00100013",
      "country": 1,
      "arabic_name": "\u0633\u0645\u064a\u0631 \u0627\u0644\u0633\u0631\u0648\u0631\u064a",
      "english_name": "smer alsrory",
      "num_ph": "015765",
      "fax_num": 54542,
      "mobail_num": "777963852",
      "mail_box": "54524",
      "addres": "\u0630\u0645\u0627\u0631",
      "email": "smer@gmail.com",
      "account": 106,
      "cost_center": 9,
      "group": 1,
      "supplier_type": 1,
      "supplier_grade": 3,
      "dealing_date": "2024-02-12"
    }
  },
  {
    "model": "supplier.supplier",
    "pk": 17,
    "fields": {
      "created_at": "2020-08-16T19:15:59.392Z",
      "modified_at": "2020-08-24T19:05:33.995Z",
      "created_by": 1,
      "modified_by": 1,
      "branch": 1,
      "code": "0020008",
      "country": 1,
      "arabic_name": "\u062c\u0647\u0627\u062f \u0627\u0644\u062f\u064a\u0644\u0645\u064a",
      "english_name": "ghad aldelmy",
      "num_ph": "015865",
      "fax_num": 31554,
      "mobail_num": "777321987",
      "mail_box": "645652",
      "addres": "\u0627\u0628",
      "email": "ghad@gmail.com",
      "account": 41,
      "cost_center": 9,
      "group": 1,
      "supplier_type": 2,
      "supplier_grade": 3,
      "dealing_date": "2020-02-22"
    }
  },
  {
    "model": "supplier.supplier",
    "pk": 18,
    "fields": {
      "created_at": "2020-08-16T19:19:29.032Z",
      "modified_at": "2020-08-24T19:05:34.025Z",
      "created_by": 1,
      "modified_by": 1,
      "branch": 1,
      "code": "0020009",
      "country": 1,
      "arabic_name": "\u0641\u0648\u0627\u062f \u0627\u0628\u0631\u0627\u0647\u064a\u0645",
      "english_name": "foaid abraihem",
      "num_ph": "015665",
      "fax_num": 56321,
      "mobail_num": "777852369",
      "mail_box": "65455",
      "addres": "\u0627\u0644\u062d\u062f\u064a\u062f\u0629",
      "email": "foaid@gmail.com",
      "account": 41,
      "cost_center": 9,
      "group": 1,
      "supplier_type": 2,
      "supplier_grade": 1,
      "dealing_date": "2020-12-09"
    }
  },
  {
    "model": "supplier.supplier",
    "pk": 19,
    "fields": {
      "created_at": "2020-08-16T19:21:52.036Z",
      "modified_at": "2020-08-24T19:05:34.056Z",
      "created_by": 1,
      "modified_by": 1,
      "branch": 1,
      "code": "0010011",
      "country": 1,
      "arabic_name": "\u0635\u0627\u062f\u0642 \u0645\u062d\u0645\u062f",
      "english_name": "sadg mohmad",
      "num_ph": "0165964",
      "fax_num": 56589,
      "mobail_num": "777654983",
      "mail_box": "4545",
      "addres": "\u062a\u0639\u0632",
      "email": "sadg@gmail.com",
      "account": 41,
      "cost_center": 9,
      "group": 1,
      "supplier_type": 1,
      "supplier_grade": 1,
      "dealing_date": "2020-02-05"
    }
  },
  {
    "model": "supplier.supplier",
    "pk": 20,
    "fields": {
      "created_at": "2020-08-16T19:53:55.056Z",
      "modified_at": "2020-08-24T19:05:34.101Z",
      "created_by": 1,
      "modified_by": 1,
      "branch": 2,
      "code": "0020010",
      "country": 1,
      "arabic_name": "\u0646\u0628\u064a\u0644 \u0627\u0644\u0635\u0645\u062f\u064a",
      "english_name": "nabel al samdy",
      "num_ph": "0646744",
      "fax_num": 5461,
      "mobail_num": "777654289",
      "mail_box": "655564",
      "addres": "\u062d\u0636\u0631\u0645\u0648\u062a",
      "email": "nabel@gmail.com",
      "account": 41,
      "cost_center": 9,
      "group": 3,
      "supplier_type": 2,
      "supplier_grade": 2,
      "dealing_date": "2020-02-09"
    }
  },
  {
    "model": "supplier.supplier",
    "pk": 21,
    "fields": {
      "created_at": "2020-08-16T19:56:39.887Z",
      "modified_at": "2020-08-24T19:05:34.135Z",
      "created_by": 1,
      "modified_by": 1,
      "branch": 2,
      "code": "0020011",
      "country": 1,
      "arabic_name": "\u0627\u0628\u0631\u0627\u0647\u064a\u0645 \u0627\u062d\u0645\u062f",
      "english_name": "abrahem ahmed",
      "num_ph": "066574",
      "fax_num": 46741,
      "mobail_num": "777254365",
      "mail_box": "56541",
      "addres": "\u062d\u062c\u0629",
      "email": "abrahem@gmail.com",
      "account": 41,
      "cost_center": 9,
      "group": 3,
      "supplier_type": 2,
      "supplier_grade": 2,
      "dealing_date": "2020-05-05"
    }
  },
  {
    "model": "supplier.supplier",
    "pk": 22,
    "fields": {
      "created_at": "2020-08-16T19:58:33.716Z",
      "modified_at": "2020-08-24T19:05:34.167Z",
      "created_by": 1,
      "modified_by": 1,
      "branch": 1,
      "code": "0020012",
      "country": 1,
      "arabic_name": "\u062d\u0633\u0646 \u062e\u0627\u0644\u062f",
      "english_name": "hasn hald",
      "num_ph": "0165647",
      "fax_num": 6482,
      "mobail_num": "777987654",
      "mail_box": "5656",
      "addres": "\u0635\u0646\u0639\u0627\u0621",
      "email": "hasn@gmail.com",
      "account": 41,
      "cost_center": 9,
      "group": 1,
      "supplier_type": 2,
      "supplier_grade": 1,
      "dealing_date": "2020-06-06"
    }
  },
  {
    "model": "supplier.supplier",
    "pk": 23,
    "fields": {
      "created_at": "2020-08-16T20:01:24.157Z",
      "modified_at": "2020-08-24T19:05:34.209Z",
      "created_by": 1,
      "modified_by": 1,
      "branch": 1,
      "code": "0020013",
      "country": 1,
      "arabic_name": "\u0639\u0645\u0631 \u0627\u0644\u062c\u0639\u062f\u064a",
      "english_name": "amr algaidy",
      "num_ph": "013456",
      "fax_num": 65432,
      "mobail_num": "777254145",
      "mail_box": "6513",
      "addres": "\u0635\u0646\u0639\u0627\u0621",
      "email": "amr@gmail.com",
      "account": 41,
      "cost_center": 9,
      "group": 1,
      "supplier_type": 2,
      "supplier_grade": 1,
      "dealing_date": "2020-02-22"
    }
  },
  {
    "model": "supplier.supplier",
    "pk": 24,
    "fields": {
      "created_at": "2020-08-19T01:22:35.303Z",
      "modified_at": "2020-08-24T19:05:33.608Z",
      "created_by": 1,
      "modified_by": 1,
      "branch": 1,
      "code": "00100014",
      "country": 1,
      "arabic_name": "\u0645\u0646\u0634\u0627\u0629 \u0627\u0644\u0634\u0645\u064a\u0631\u064a",
      "english_name": "xzn.",
      "num_ph": null,
      "fax_num": null,
      "mobail_num": null,
      "mail_box": null,
      "addres": null,
      "email": null,
      "account": 106,
      "cost_center": 37,
      "group": 5,
      "supplier_type": 1,
      "supplier_grade": 3,
      "dealing_date": "2020-01-01"
    }
  },
  {
    "model": "supplier.supplier",
    "pk": 25,
    "fields": {
      "created_at": "2020-08-19T01:26:43.844Z",
      "modified_at": "2020-08-24T19:05:33.640Z",
      "created_by": 1,
      "modified_by": 1,
      "branch": 1,
      "code": "00300001",
      "country": 1,
      "arabic_name": "\u0645\u0646\u0634\u0627\u0629 \u0627\u0644\u0648\u062d\u062f\u0629 \u0627\u0644\u062a\u062c\u0627\u0631\u064a\u0629",
      "english_name": ".,.,",
      "num_ph": null,
      "fax_num": null,
      "mobail_num": null,
      "mail_box": null,
      "addres": null,
      "email": null,
      "account": 106,
      "cost_center": 50,
      "group": 1,
      "supplier_type": 3,
      "supplier_grade": 3,
      "dealing_date": "2020-01-01"
    }
  },
  {
    "model": "supplier.supplier",
    "pk": 26,
    "fields": {
      "created_at": "2020-08-23T00:08:21.012Z",
      "modified_at": "2020-08-25T23:57:29.341Z",
      "created_by": 1,
      "modified_by": 1,
      "branch": 1,
      "code": "00300003",
      "country": 1,
      "arabic_name": "\u0634\u0631\u0643\u0629 \u062a\u0647\u0627\u0645\u0629",
      "english_name": "uytz",
      "num_ph": null,
      "fax_num": 10101212,
      "mobail_num": null,
      "mail_box": "11111111",
      "addres": "\u0635\u0646\u0639\u0627\u0621",
      "email": "smer@gmail.com11",
      "account": 105,
      "cost_center": 37,
      "group": 1,
      "supplier_type": 3,
      "supplier_grade": 3,
      "dealing_date": "2020-01-01"
    }
  },
  {
    "model": "supplier.supplier",
    "pk": 27,
    "fields": {
      "created_at": "2020-08-23T00:12:57.785Z",
      "modified_at": "2020-08-25T23:34:57.284Z",
      "created_by": 1,
      "modified_by": 1,
      "branch": 1,
      "code": "00100017",
      "country": 1,
      "arabic_name": "\u0634\u0631\u0643\u0629 \u0627\u0644\u0648\u062a\u0627\u0631\u064a",
      "english_name": "nnnm",
      "num_ph": null,
      "fax_num": 2320111,
      "mobail_num": null,
      "mail_box": "21255",
      "addres": "\u0635\u0646\u0639\u0627\u0621",
      "email": "smer@gmail.com112",
      "account": 105,
      "cost_center": 37,
      "group": 1,
      "supplier_type": 1,
      "supplier_grade": 3,
      "dealing_date": "2020-11-01"
    }
  },
  {
    "model": "supplier.supplier",
    "pk": 28,
    "fields": {
      "created_at": "2020-08-25T16:57:56.448Z",
      "modified_at": "2020-08-25T16:57:56.448Z",
      "created_by": 1,
      "modified_by": 1,
      "branch": 1,
      "code": "0010016",
      "country": 1,
      "arabic_name": "\u0634\u0631\u0643\u0629 \u0627\u0644\u0631\u062f\u0645\u0627\u0646\u064a",
      "english_name": "itwa",
      "num_ph": null,
      "fax_num": 152525,
      "mobail_num": null,
      "mail_box": "54524",
      "addres": "\u0635\u0646\u0639\u0627\u0621",
      "email": "smer@gmail.com1123",
      "account": 106,
      "cost_center": 50,
      "group": 1,
      "supplier_type": 1,
      "supplier_grade": 2,
      "dealing_date": "2020-08-25"
    }
  }
]
